<?xml version="1.0" encoding="UTF-8"?>
<project-private xmlns="http://www.netbeans.org/ns/project-private/1">
    <data xmlns="http://www.netbeans.org/ns/make-project-private/1">
        <activeConfTypeElem>1</activeConfTypeElem>
        <activeConfIndexElem>0</activeConfIndexElem>
    </data>
    <editor-bookmarks xmlns="http://www.netbeans.org/ns/editor-bookmarks/2" lastBookmarkId="0"/>
    <open-files xmlns="http://www.netbeans.org/ns/projectui-open-files/2">
        <group>
            <file>file:/C:/Users/Admin/Documents/NetBeansProjects/Homework9/main.cpp</file>
            <file>file:/C:/Users/Admin/Documents/NetBeansProjects/Homework9/BubbleSortDecreasing.h</file>
            <file>file:/C:/Users/Admin/Documents/NetBeansProjects/Homework9/BubbleSortTemplate.h</file>
            <file>file:/C:/Users/Admin/Documents/NetBeansProjects/Homework9/SortableVector.h</file>
            <file>file:/C:/Users/Admin/Documents/NetBeansProjects/Homework9/BubbleSortTemplate.cpp</file>
            <file>file:/C:/Users/Admin/Documents/NetBeansProjects/Homework9/BubbleSortIncreasing.h</file>
            <file>file:/C:/Users/Admin/Documents/NetBeansProjects/Homework9/IntegerVectorSortable.cpp</file>
            <file>file:/C:/Users/Admin/Documents/NetBeansProjects/Homework9/IntegerVectorSortable.h</file>
        </group>
    </open-files>
</project-private>
