<?xml version="1.0" encoding="UTF-8"?>
<project-private xmlns="http://www.netbeans.org/ns/project-private/1">
    <data xmlns="http://www.netbeans.org/ns/make-project-private/1">
        <activeConfTypeElem>1</activeConfTypeElem>
        <activeConfIndexElem>0</activeConfIndexElem>
    </data>
    <editor-bookmarks xmlns="http://www.netbeans.org/ns/editor-bookmarks/2" lastBookmarkId="0"/>
    <open-files xmlns="http://www.netbeans.org/ns/projectui-open-files/2">
        <group>
            <file>file:/C:/Users/Admin/Documents/NetBeansProjects/Homework10/BinarySearch.h</file>
            <file>file:/C:/Users/Admin/Documents/NetBeansProjects/Homework10/IntegerVectorSortable.h</file>
            <file>file:/C:/Users/Admin/Documents/NetBeansProjects/Homework10/SortableVector.h</file>
            <file>file:/C:/Users/Admin/Documents/NetBeansProjects/Homework10/BinarySearch.cpp</file>
            <file>file:/C:/Users/Admin/Documents/NetBeansProjects/Homework10/BubbleSort.cpp</file>
            <file>file:/C:/Users/Admin/Documents/NetBeansProjects/Homework10/main.cpp</file>
            <file>file:/C:/Users/Admin/Documents/NetBeansProjects/Homework10/BubbleSort.h</file>
            <file>file:/C:/Users/Admin/Documents/NetBeansProjects/Homework10/IntegerVectorSortableSearchable.h</file>
            <file>file:/C:/Users/Admin/Documents/NetBeansProjects/Homework10/SearchableVector.h</file>
            <file>file:/C:/Users/Admin/Documents/NetBeansProjects/Homework10/IntegerVectorSortable.cpp</file>
        </group>
    </open-files>
</project-private>
